# Name,   Type, SubType, Offset,  Size, Flags
# Two OTA app slots: SD-card and OTA updates write the slot that is NOT
# running. A single app partition (1.3.x-1.4.6 when flashed over USB) made the
# "next update partition" the running one, and erasing it aborted the device.
# Each slot is ~8.3MB (firmware is ~5.9MB). nvs stays at 0x9000 so settings
# and Bluetooth bonds survive re-partitioning.
nvs,      data, nvs,     0x9000,  0x5000,
otadata,  data, ota,     0xe000,  0x2000,
app0,     app,  ota_0,   0x10000, 0x7E0000,
app1,     app,  ota_1,   0x7F0000,0x7E0000,
coredump, data, coredump,0xFD0000,0x10000,
